{
  "110100": {
    "code": "110100",
    "name": "北京市",
    "province_code": "110000",
    "province": "北京市"
  },
  "120100": {
    "code": "120100",
    "name": "天津市",
    "province_code": "120000",
    "province": "天津市"
  },
  "130100": {
    "code": "130100",
    "name": "石家庄市",
    "province_code": "130000",
    "province": "河北省"
  },
  "130200": {
    "code": "130200",
    "name": "唐山市",
    "province_code": "130000",
    "province": "河北省"
  },
  "130300": {
    "code": "130300",
    "name": "秦皇岛市",
    "province_code": "130000",
    "province": "河北省"
  },
  "130400": {
    "code": "130400",
    "name": "邯郸市",
    "province_code": "130000",
    "province": "河北省"
  },
  "130500": {
    "code": "130500",
    "name": "邢台市",
    "province_code": "130000",
    "province": "河北省"
  },
  "130600": {
    "code": "130600",
    "name": "保定市",
    "province_code": "130000",
    "province": "河北省"
  },
  "130700": {
    "code": "130700",
    "name": "张家口市",
    "province_code": "130000",
    "province": "河北省"
  },
  "130800": {
    "code": "130800",
    "name": "承德市",
    "province_code": "130000",
    "province": "河北省"
  },
  "130900": {
    "code": "130900",
    "name": "沧州市",
    "province_code": "130000",
    "province": "河北省"
  },
  "131000": {
    "code": "131000",
    "name": "廊坊市",
    "province_code": "130000",
    "province": "河北省"
  },
  "131100": {
    "code": "131100",
    "name": "衡水市",
    "province_code": "130000",
    "province": "河北省"
  },
  "140100": {
    "code": "140100",
    "name": "太原市",
    "province_code": "140000",
    "province": "山西省"
  },
  "140200": {
    "code": "140200",
    "name": "大同市",
    "province_code": "140000",
    "province": "山西省"
  },
  "140300": {
    "code": "140300",
    "name": "阳泉市",
    "province_code": "140000",
    "province": "山西省"
  },
  "140400": {
    "code": "140400",
    "name": "长治市",
    "province_code": "140000",
    "province": "山西省"
  },
  "140500": {
    "code": "140500",
    "name": "晋城市",
    "province_code": "140000",
    "province": "山西省"
  },
  "140600": {
    "code": "140600",
    "name": "朔州市",
    "province_code": "140000",
    "province": "山西省"
  },
  "140700": {
    "code": "140700",
    "name": "晋中市",
    "province_code": "140000",
    "province": "山西省"
  },
  "140800": {
    "code": "140800",
    "name": "运城市",
    "province_code": "140000",
    "province": "山西省"
  },
  "140900": {
    "code": "140900",
    "name": "忻州市",
    "province_code": "140000",
    "province": "山西省"
  },
  "141000": {
    "code": "141000",
    "name": "临汾市",
    "province_code": "140000",
    "province": "山西省"
  },
  "141100": {
    "code": "141100",
    "name": "吕梁市",
    "province_code": "140000",
    "province": "山西省"
  },
  "150100": {
    "code": "150100",
    "name": "呼和浩特市",
    "province_code": "150000",
    "province": "内蒙古自治区"
  },
  "150200": {
    "code": "150200",
    "name": "包头市",
    "province_code": "150000",
    "province": "内蒙古自治区"
  },
  "150300": {
    "code": "150300",
    "name": "乌海市",
    "province_code": "150000",
    "province": "内蒙古自治区"
  },
  "150400": {
    "code": "150400",
    "name": "赤峰市",
    "province_code": "150000",
    "province": "内蒙古自治区"
  },
  "150500": {
    "code": "150500",
    "name": "通辽市",
    "province_code": "150000",
    "province": "内蒙古自治区"
  },
  "150600": {
    "code": "150600",
    "name": "鄂尔多斯市",
    "province_code": "150000",
    "province": "内蒙古自治区"
  },
  "150700": {
    "code": "150700",
    "name": "呼伦贝尔市",
    "province_code": "150000",
    "province": "内蒙古自治区"
  },
  "150800": {
    "code": "150800",
    "name": "巴彦淖尔市",
    "province_code": "150000",
    "province": "内蒙古自治区"
  },
  "150900": {
    "code": "150900",
    "name": "乌兰察布市",
    "province_code": "150000",
    "province": "内蒙古自治区"
  },
  "152200": {
    "code": "152200",
    "name": "兴安盟",
    "province_code": "150000",
    "province": "内蒙古自治区"
  },
  "152500": {
    "code": "152500",
    "name": "锡林郭勒盟",
    "province_code": "150000",
    "province": "内蒙古自治区"
  },
  "152900": {
    "code": "152900",
    "name": "阿拉善盟",
    "province_code": "150000",
    "province": "内蒙古自治区"
  },
  "210100": {
    "code": "210100",
    "name": "沈阳市",
    "province_code": "210000",
    "province": "辽宁省"
  },
  "210200": {
    "code": "210200",
    "name": "大连市",
    "province_code": "210000",
    "province": "辽宁省"
  },
  "210300": {
    "code": "210300",
    "name": "鞍山市",
    "province_code": "210000",
    "province": "辽宁省"
  },
  "210400": {
    "code": "210400",
    "name": "抚顺市",
    "province_code": "210000",
    "province": "辽宁省"
  },
  "210500": {
    "code": "210500",
    "name": "本溪市",
    "province_code": "210000",
    "province": "辽宁省"
  },
  "210600": {
    "code": "210600",
    "name": "丹东市",
    "province_code": "210000",
    "province": "辽宁省"
  },
  "210700": {
    "code": "210700",
    "name": "锦州市",
    "province_code": "210000",
    "province": "辽宁省"
  },
  "210800": {
    "code": "210800",
    "name": "营口市",
    "province_code": "210000",
    "province": "辽宁省"
  },
  "210900": {
    "code": "210900",
    "name": "阜新市",
    "province_code": "210000",
    "province": "辽宁省"
  },
  "211000": {
    "code": "211000",
    "name": "辽阳市",
    "province_code": "210000",
    "province": "辽宁省"
  },
  "211100": {
    "code": "211100",
    "name": "盘锦市",
    "province_code": "210000",
    "province": "辽宁省"
  },
  "211200": {
    "code": "211200",
    "name": "铁岭市",
    "province_code": "210000",
    "province": "辽宁省"
  },
  "211300": {
    "code": "211300",
    "name": "朝阳市",
    "province_code": "210000",
    "province": "辽宁省"
  },
  "211400": {
    "code": "211400",
    "name": "葫芦岛市",
    "province_code": "210000",
    "province": "辽宁省"
  },
  "220100": {
    "code": "220100",
    "name": "长春市",
    "province_code": "220000",
    "province": "吉林省"
  },
  "220200": {
    "code": "220200",
    "name": "吉林市",
    "province_code": "220000",
    "province": "吉林省"
  },
  "220300": {
    "code": "220300",
    "name": "四平市",
    "province_code": "220000",
    "province": "吉林省"
  },
  "220400": {
    "code": "220400",
    "name": "辽源市",
    "province_code": "220000",
    "province": "吉林省"
  },
  "220500": {
    "code": "220500",
    "name": "通化市",
    "province_code": "220000",
    "province": "吉林省"
  },
  "220600": {
    "code": "220600",
    "name": "白山市",
    "province_code": "220000",
    "province": "吉林省"
  },
  "220700": {
    "code": "220700",
    "name": "松原市",
    "province_code": "220000",
    "province": "吉林省"
  },
  "220800": {
    "code": "220800",
    "name": "白城市",
    "province_code": "220000",
    "province": "吉林省"
  },
  "222400": {
    "code": "222400",
    "name": "延边朝鲜族自治州",
    "province_code": "220000",
    "province": "吉林省"
  },
  "230100": {
    "code": "230100",
    "name": "哈尔滨市",
    "province_code": "230000",
    "province": "黑龙江省"
  },
  "230200": {
    "code": "230200",
    "name": "齐齐哈尔市",
    "province_code": "230000",
    "province": "黑龙江省"
  },
  "230300": {
    "code": "230300",
    "name": "鸡西市",
    "province_code": "230000",
    "province": "黑龙江省"
  },
  "230400": {
    "code": "230400",
    "name": "鹤岗市",
    "province_code": "230000",
    "province": "黑龙江省"
  },
  "230500": {
    "code": "230500",
    "name": "双鸭山市",
    "province_code": "230000",
    "province": "黑龙江省"
  },
  "230600": {
    "code": "230600",
    "name": "大庆市",
    "province_code": "230000",
    "province": "黑龙江省"
  },
  "230700": {
    "code": "230700",
    "name": "伊春市",
    "province_code": "230000",
    "province": "黑龙江省"
  },
  "230800": {
    "code": "230800",
    "name": "佳木斯市",
    "province_code": "230000",
    "province": "黑龙江省"
  },
  "230900": {
    "code": "230900",
    "name": "七台河市",
    "province_code": "230000",
    "province": "黑龙江省"
  },
  "231000": {
    "code": "231000",
    "name": "牡丹江市",
    "province_code": "230000",
    "province": "黑龙江省"
  },
  "231100": {
    "code": "231100",
    "name": "黑河市",
    "province_code": "230000",
    "province": "黑龙江省"
  },
  "231200": {
    "code": "231200",
    "name": "绥化市",
    "province_code": "230000",
    "province": "黑龙江省"
  },
  "232700": {
    "code": "232700",
    "name": "大兴安岭地区",
    "province_code": "230000",
    "province": "黑龙江省"
  },
  "310100": {
    "code": "310100",
    "name": "上海市",
    "province_code": "310000",
    "province": "上海市"
  },
  "320100": {
    "code": "320100",
    "name": "南京市",
    "province_code": "320000",
    "province": "江苏省"
  },
  "320200": {
    "code": "320200",
    "name": "无锡市",
    "province_code": "320000",
    "province": "江苏省"
  },
  "320300": {
    "code": "320300",
    "name": "徐州市",
    "province_code": "320000",
    "province": "江苏省"
  },
  "320400": {
    "code": "320400",
    "name": "常州市",
    "province_code": "320000",
    "province": "江苏省"
  },
  "320500": {
    "code": "320500",
    "name": "苏州市",
    "province_code": "320000",
    "province": "江苏省"
  },
  "320600": {
    "code": "320600",
    "name": "南通市",
    "province_code": "320000",
    "province": "江苏省"
  },
  "320700": {
    "code": "320700",
    "name": "连云港市",
    "province_code": "320000",
    "province": "江苏省"
  },
  "320800": {
    "code": "320800",
    "name": "淮安市",
    "province_code": "320000",
    "province": "江苏省"
  },
  "320900": {
    "code": "320900",
    "name": "盐城市",
    "province_code": "320000",
    "province": "江苏省"
  },
  "321000": {
    "code": "321000",
    "name": "扬州市",
    "province_code": "320000",
    "province": "江苏省"
  },
  "321100": {
    "code": "321100",
    "name": "镇江市",
    "province_code": "320000",
    "province": "江苏省"
  },
  "321200": {
    "code": "321200",
    "name": "泰州市",
    "province_code": "320000",
    "province": "江苏省"
  },
  "321300": {
    "code": "321300",
    "name": "宿迁市",
    "province_code": "320000",
    "province": "江苏省"
  },
  "330100": {
    "code": "330100",
    "name": "杭州市",
    "province_code": "330000",
    "province": "浙江省"
  },
  "330200": {
    "code": "330200",
    "name": "宁波市",
    "province_code": "330000",
    "province": "浙江省"
  },
  "330300": {
    "code": "330300",
    "name": "温州市",
    "province_code": "330000",
    "province": "浙江省"
  },
  "330400": {
    "code": "330400",
    "name": "嘉兴市",
    "province_code": "330000",
    "province": "浙江省"
  },
  "330500": {
    "code": "330500",
    "name": "湖州市",
    "province_code": "330000",
    "province": "浙江省"
  },
  "330600": {
    "code": "330600",
    "name": "绍兴市",
    "province_code": "330000",
    "province": "浙江省"
  },
  "330700": {
    "code": "330700",
    "name": "金华市",
    "province_code": "330000",
    "province": "浙江省"
  },
  "330800": {
    "code": "330800",
    "name": "衢州市",
    "province_code": "330000",
    "province": "浙江省"
  },
  "330900": {
    "code": "330900",
    "name": "舟山市",
    "province_code": "330000",
    "province": "浙江省"
  },
  "331000": {
    "code": "331000",
    "name": "台州市",
    "province_code": "330000",
    "province": "浙江省"
  },
  "331100": {
    "code": "331100",
    "name": "丽水市",
    "province_code": "330000",
    "province": "浙江省"
  },
  "340100": {
    "code": "340100",
    "name": "合肥市",
    "province_code": "340000",
    "province": "安徽省"
  },
  "340200": {
    "code": "340200",
    "name": "芜湖市",
    "province_code": "340000",
    "province": "安徽省"
  },
  "340300": {
    "code": "340300",
    "name": "蚌埠市",
    "province_code": "340000",
    "province": "安徽省"
  },
  "340400": {
    "code": "340400",
    "name": "淮南市",
    "province_code": "340000",
    "province": "安徽省"
  },
  "340500": {
    "code": "340500",
    "name": "马鞍山市",
    "province_code": "340000",
    "province": "安徽省"
  },
  "340600": {
    "code": "340600",
    "name": "淮北市",
    "province_code": "340000",
    "province": "安徽省"
  },
  "340700": {
    "code": "340700",
    "name": "铜陵市",
    "province_code": "340000",
    "province": "安徽省"
  },
  "340800": {
    "code": "340800",
    "name": "安庆市",
    "province_code": "340000",
    "province": "安徽省"
  },
  "341000": {
    "code": "341000",
    "name": "黄山市",
    "province_code": "340000",
    "province": "安徽省"
  },
  "341100": {
    "code": "341100",
    "name": "滁州市",
    "province_code": "340000",
    "province": "安徽省"
  },
  "341200": {
    "code": "341200",
    "name": "阜阳市",
    "province_code": "340000",
    "province": "安徽省"
  },
  "341300": {
    "code": "341300",
    "name": "宿州市",
    "province_code": "340000",
    "province": "安徽省"
  },
  "341500": {
    "code": "341500",
    "name": "六安市",
    "province_code": "340000",
    "province": "安徽省"
  },
  "341600": {
    "code": "341600",
    "name": "亳州市",
    "province_code": "340000",
    "province": "安徽省"
  },
  "341700": {
    "code": "341700",
    "name": "池州市",
    "province_code": "340000",
    "province": "安徽省"
  },
  "341800": {
    "code": "341800",
    "name": "宣城市",
    "province_code": "340000",
    "province": "安徽省"
  },
  "350100": {
    "code": "350100",
    "name": "福州市",
    "province_code": "350000",
    "province": "福建省"
  },
  "350200": {
    "code": "350200",
    "name": "厦门市",
    "province_code": "350000",
    "province": "福建省"
  },
  "350300": {
    "code": "350300",
    "name": "莆田市",
    "province_code": "350000",
    "province": "福建省"
  },
  "350400": {
    "code": "350400",
    "name": "三明市",
    "province_code": "350000",
    "province": "福建省"
  },
  "350500": {
    "code": "350500",
    "name": "泉州市",
    "province_code": "350000",
    "province": "福建省"
  },
  "350600": {
    "code": "350600",
    "name": "漳州市",
    "province_code": "350000",
    "province": "福建省"
  },
  "350700": {
    "code": "350700",
    "name": "南平市",
    "province_code": "350000",
    "province": "福建省"
  },
  "350800": {
    "code": "350800",
    "name": "龙岩市",
    "province_code": "350000",
    "province": "福建省"
  },
  "350900": {
    "code": "350900",
    "name": "宁德市",
    "province_code": "350000",
    "province": "福建省"
  },
  "360100": {
    "code": "360100",
    "name": "南昌市",
    "province_code": "360000",
    "province": "江西省"
  },
  "360200": {
    "code": "360200",
    "name": "景德镇市",
    "province_code": "360000",
    "province": "江西省"
  },
  "360300": {
    "code": "360300",
    "name": "萍乡市",
    "province_code": "360000",
    "province": "江西省"
  },
  "360400": {
    "code": "360400",
    "name": "九江市",
    "province_code": "360000",
    "province": "江西省"
  },
  "360500": {
    "code": "360500",
    "name": "新余市",
    "province_code": "360000",
    "province": "江西省"
  },
  "360600": {
    "code": "360600",
    "name": "鹰潭市",
    "province_code": "360000",
    "province": "江西省"
  },
  "360700": {
    "code": "360700",
    "name": "赣州市",
    "province_code": "360000",
    "province": "江西省"
  },
  "360800": {
    "code": "360800",
    "name": "吉安市",
    "province_code": "360000",
    "province": "江西省"
  },
  "360900": {
    "code": "360900",
    "name": "宜春市",
    "province_code": "360000",
    "province": "江西省"
  },
  "361000": {
    "code": "361000",
    "name": "抚州市",
    "province_code": "360000",
    "province": "江西省"
  },
  "361100": {
    "code": "361100",
    "name": "上饶市",
    "province_code": "360000",
    "province": "江西省"
  },
  "370100": {
    "code": "370100",
    "name": "济南市",
    "province_code": "370000",
    "province": "山东省"
  },
  "370200": {
    "code": "370200",
    "name": "青岛市",
    "province_code": "370000",
    "province": "山东省"
  },
  "370300": {
    "code": "370300",
    "name": "淄博市",
    "province_code": "370000",
    "province": "山东省"
  },
  "370400": {
    "code": "370400",
    "name": "枣庄市",
    "province_code": "370000",
    "province": "山东省"
  },
  "370500": {
    "code": "370500",
    "name": "东营市",
    "province_code": "370000",
    "province": "山东省"
  },
  "370600": {
    "code": "370600",
    "name": "烟台市",
    "province_code": "370000",
    "province": "山东省"
  },
  "370700": {
    "code": "370700",
    "name": "潍坊市",
    "province_code": "370000",
    "province": "山东省"
  },
  "370800": {
    "code": "370800",
    "name": "济宁市",
    "province_code": "370000",
    "province": "山东省"
  },
  "370900": {
    "code": "370900",
    "name": "泰安市",
    "province_code": "370000",
    "province": "山东省"
  },
  "371000": {
    "code": "371000",
    "name": "威海市",
    "province_code": "370000",
    "province": "山东省"
  },
  "371100": {
    "code": "371100",
    "name": "日照市",
    "province_code": "370000",
    "province": "山东省"
  },
  "371200": {
    "code": "371200",
    "name": "莱芜市",
    "province_code": "370000",
    "province": "山东省"
  },
  "371300": {
    "code": "371300",
    "name": "临沂市",
    "province_code": "370000",
    "province": "山东省"
  },
  "371400": {
    "code": "371400",
    "name": "德州市",
    "province_code": "370000",
    "province": "山东省"
  },
  "371500": {
    "code": "371500",
    "name": "聊城市",
    "province_code": "370000",
    "province": "山东省"
  },
  "371600": {
    "code": "371600",
    "name": "滨州市",
    "province_code": "370000",
    "province": "山东省"
  },
  "371700": {
    "code": "371700",
    "name": "菏泽市",
    "province_code": "370000",
    "province": "山东省"
  },
  "410100": {
    "code": "410100",
    "name": "郑州市",
    "province_code": "410000",
    "province": "河南省"
  },
  "410200": {
    "code": "410200",
    "name": "开封市",
    "province_code": "410000",
    "province": "河南省"
  },
  "410300": {
    "code": "410300",
    "name": "洛阳市",
    "province_code": "410000",
    "province": "河南省"
  },
  "410400": {
    "code": "410400",
    "name": "平顶山市",
    "province_code": "410000",
    "province": "河南省"
  },
  "410500": {
    "code": "410500",
    "name": "安阳市",
    "province_code": "410000",
    "province": "河南省"
  },
  "410600": {
    "code": "410600",
    "name": "鹤壁市",
    "province_code": "410000",
    "province": "河南省"
  },
  "410700": {
    "code": "410700",
    "name": "新乡市",
    "province_code": "410000",
    "province": "河南省"
  },
  "410800": {
    "code": "410800",
    "name": "焦作市",
    "province_code": "410000",
    "province": "河南省"
  },
  "410900": {
    "code": "410900",
    "name": "濮阳市",
    "province_code": "410000",
    "province": "河南省"
  },
  "411000": {
    "code": "411000",
    "name": "许昌市",
    "province_code": "410000",
    "province": "河南省"
  },
  "411100": {
    "code": "411100",
    "name": "漯河市",
    "province_code": "410000",
    "province": "河南省"
  },
  "411200": {
    "code": "411200",
    "name": "三门峡市",
    "province_code": "410000",
    "province": "河南省"
  },
  "411300": {
    "code": "411300",
    "name": "南阳市",
    "province_code": "410000",
    "province": "河南省"
  },
  "411400": {
    "code": "411400",
    "name": "商丘市",
    "province_code": "410000",
    "province": "河南省"
  },
  "411500": {
    "code": "411500",
    "name": "信阳市",
    "province_code": "410000",
    "province": "河南省"
  },
  "411600": {
    "code": "411600",
    "name": "周口市",
    "province_code": "410000",
    "province": "河南省"
  },
  "411700": {
    "code": "411700",
    "name": "驻马店市",
    "province_code": "410000",
    "province": "河南省"
  },
  "420100": {
    "code": "420100",
    "name": "武汉市",
    "province_code": "420000",
    "province": "湖北省"
  },
  "420200": {
    "code": "420200",
    "name": "黄石市",
    "province_code": "420000",
    "province": "湖北省"
  },
  "420300": {
    "code": "420300",
    "name": "十堰市",
    "province_code": "420000",
    "province": "湖北省"
  },
  "420500": {
    "code": "420500",
    "name": "宜昌市",
    "province_code": "420000",
    "province": "湖北省"
  },
  "420600": {
    "code": "420600",
    "name": "襄阳市",
    "province_code": "420000",
    "province": "湖北省"
  },
  "420700": {
    "code": "420700",
    "name": "鄂州市",
    "province_code": "420000",
    "province": "湖北省"
  },
  "420800": {
    "code": "420800",
    "name": "荆门市",
    "province_code": "420000",
    "province": "湖北省"
  },
  "420900": {
    "code": "420900",
    "name": "孝感市",
    "province_code": "420000",
    "province": "湖北省"
  },
  "421000": {
    "code": "421000",
    "name": "荆州市",
    "province_code": "420000",
    "province": "湖北省"
  },
  "421100": {
    "code": "421100",
    "name": "黄冈市",
    "province_code": "420000",
    "province": "湖北省"
  },
  "421200": {
    "code": "421200",
    "name": "咸宁市",
    "province_code": "420000",
    "province": "湖北省"
  },
  "421300": {
    "code": "421300",
    "name": "随州市",
    "province_code": "420000",
    "province": "湖北省"
  },
  "422800": {
    "code": "422800",
    "name": "恩施土家族苗族自治州",
    "province_code": "420000",
    "province": "湖北省"
  },
  "430100": {
    "code": "430100",
    "name": "长沙市",
    "province_code": "430000",
    "province": "湖南省"
  },
  "430200": {
    "code": "430200",
    "name": "株洲市",
    "province_code": "430000",
    "province": "湖南省"
  },
  "430300": {
    "code": "430300",
    "name": "湘潭市",
    "province_code": "430000",
    "province": "湖南省"
  },
  "430400": {
    "code": "430400",
    "name": "衡阳市",
    "province_code": "430000",
    "province": "湖南省"
  },
  "430500": {
    "code": "430500",
    "name": "邵阳市",
    "province_code": "430000",
    "province": "湖南省"
  },
  "430600": {
    "code": "430600",
    "name": "岳阳市",
    "province_code": "430000",
    "province": "湖南省"
  },
  "430700": {
    "code": "430700",
    "name": "常德市",
    "province_code": "430000",
    "province": "湖南省"
  },
  "430800": {
    "code": "430800",
    "name": "张家界市",
    "province_code": "430000",
    "province": "湖南省"
  },
  "430900": {
    "code": "430900",
    "name": "益阳市",
    "province_code": "430000",
    "province": "湖南省"
  },
  "431000": {
    "code": "431000",
    "name": "郴州市",
    "province_code": "430000",
    "province": "湖南省"
  },
  "431100": {
    "code": "431100",
    "name": "永州市",
    "province_code": "430000",
    "province": "湖南省"
  },
  "431200": {
    "code": "431200",
    "name": "怀化市",
    "province_code": "430000",
    "province": "湖南省"
  },
  "431300": {
    "code": "431300",
    "name": "娄底市",
    "province_code": "430000",
    "province": "湖南省"
  },
  "433100": {
    "code": "433100",
    "name": "湘西土家族苗族自治州",
    "province_code": "430000",
    "province": "湖南省"
  },
  "440100": {
    "code": "440100",
    "name": "广州市",
    "province_code": "440000",
    "province": "广东省"
  },
  "440200": {
    "code": "440200",
    "name": "韶关市",
    "province_code": "440000",
    "province": "广东省"
  },
  "440300": {
    "code": "440300",
    "name": "深圳市",
    "province_code": "440000",
    "province": "广东省"
  },
  "440400": {
    "code": "440400",
    "name": "珠海市",
    "province_code": "440000",
    "province": "广东省"
  },
  "440500": {
    "code": "440500",
    "name": "汕头市",
    "province_code": "440000",
    "province": "广东省"
  },
  "440600": {
    "code": "440600",
    "name": "佛山市",
    "province_code": "440000",
    "province": "广东省"
  },
  "440700": {
    "code": "440700",
    "name": "江门市",
    "province_code": "440000",
    "province": "广东省"
  },
  "440800": {
    "code": "440800",
    "name": "湛江市",
    "province_code": "440000",
    "province": "广东省"
  },
  "440900": {
    "code": "440900",
    "name": "茂名市",
    "province_code": "440000",
    "province": "广东省"
  },
  "441200": {
    "code": "441200",
    "name": "肇庆市",
    "province_code": "440000",
    "province": "广东省"
  },
  "441300": {
    "code": "441300",
    "name": "惠州市",
    "province_code": "440000",
    "province": "广东省"
  },
  "441400": {
    "code": "441400",
    "name": "梅州市",
    "province_code": "440000",
    "province": "广东省"
  },
  "441500": {
    "code": "441500",
    "name": "汕尾市",
    "province_code": "440000",
    "province": "广东省"
  },
  "441600": {
    "code": "441600",
    "name": "河源市",
    "province_code": "440000",
    "province": "广东省"
  },
  "441700": {
    "code": "441700",
    "name": "阳江市",
    "province_code": "440000",
    "province": "广东省"
  },
  "441800": {
    "code": "441800",
    "name": "清远市",
    "province_code": "440000",
    "province": "广东省"
  },
  "441900": {
    "code": "441900",
    "name": "东莞市",
    "province_code": "440000",
    "province": "广东省"
  },
  "442000": {
    "code": "442000",
    "name": "中山市",
    "province_code": "440000",
    "province": "广东省"
  },
  "445100": {
    "code": "445100",
    "name": "潮州市",
    "province_code": "440000",
    "province": "广东省"
  },
  "445200": {
    "code": "445200",
    "name": "揭阳市",
    "province_code": "440000",
    "province": "广东省"
  },
  "445300": {
    "code": "445300",
    "name": "云浮市",
    "province_code": "440000",
    "province": "广东省"
  },
  "450100": {
    "code": "450100",
    "name": "南宁市",
    "province_code": "450000",
    "province": "广西壮族自治区"
  },
  "450200": {
    "code": "450200",
    "name": "柳州市",
    "province_code": "450000",
    "province": "广西壮族自治区"
  },
  "450300": {
    "code": "450300",
    "name": "桂林市",
    "province_code": "450000",
    "province": "广西壮族自治区"
  },
  "450400": {
    "code": "450400",
    "name": "梧州市",
    "province_code": "450000",
    "province": "广西壮族自治区"
  },
  "450500": {
    "code": "450500",
    "name": "北海市",
    "province_code": "450000",
    "province": "广西壮族自治区"
  },
  "450600": {
    "code": "450600",
    "name": "防城港市",
    "province_code": "450000",
    "province": "广西壮族自治区"
  },
  "450700": {
    "code": "450700",
    "name": "钦州市",
    "province_code": "450000",
    "province": "广西壮族自治区"
  },
  "450800": {
    "code": "450800",
    "name": "贵港市",
    "province_code": "450000",
    "province": "广西壮族自治区"
  },
  "450900": {
    "code": "450900",
    "name": "玉林市",
    "province_code": "450000",
    "province": "广西壮族自治区"
  },
  "451000": {
    "code": "451000",
    "name": "百色市",
    "province_code": "450000",
    "province": "广西壮族自治区"
  },
  "451100": {
    "code": "451100",
    "name": "贺州市",
    "province_code": "450000",
    "province": "广西壮族自治区"
  },
  "451200": {
    "code": "451200",
    "name": "河池市",
    "province_code": "450000",
    "province": "广西壮族自治区"
  },
  "451300": {
    "code": "451300",
    "name": "来宾市",
    "province_code": "450000",
    "province": "广西壮族自治区"
  },
  "451400": {
    "code": "451400",
    "name": "崇左市",
    "province_code": "450000",
    "province": "广西壮族自治区"
  },
  "460100": {
    "code": "460100",
    "name": "海口市",
    "province_code": "460000",
    "province": "海南省"
  },
  "460200": {
    "code": "460200",
    "name": "三亚市",
    "province_code": "460000",
    "province": "海南省"
  },
  "460300": {
    "code": "460300",
    "name": "三沙市",
    "province_code": "460000",
    "province": "海南省"
  },
  "460400": {
    "code": "460400",
    "name": "儋州市",
    "province_code": "460000",
    "province": "海南省"
  },
  "500100": {
    "code": "500100",
    "name": "重庆市",
    "province_code": "500000",
    "province": "重庆市"
  },
  "510100": {
    "code": "510100",
    "name": "成都市",
    "province_code": "510000",
    "province": "四川省"
  },
  "510300": {
    "code": "510300",
    "name": "自贡市",
    "province_code": "510000",
    "province": "四川省"
  },
  "510400": {
    "code": "510400",
    "name": "攀枝花市",
    "province_code": "510000",
    "province": "四川省"
  },
  "510500": {
    "code": "510500",
    "name": "泸州市",
    "province_code": "510000",
    "province": "四川省"
  },
  "510600": {
    "code": "510600",
    "name": "德阳市",
    "province_code": "510000",
    "province": "四川省"
  },
  "510700": {
    "code": "510700",
    "name": "绵阳市",
    "province_code": "510000",
    "province": "四川省"
  },
  "510800": {
    "code": "510800",
    "name": "广元市",
    "province_code": "510000",
    "province": "四川省"
  },
  "510900": {
    "code": "510900",
    "name": "遂宁市",
    "province_code": "510000",
    "province": "四川省"
  },
  "511000": {
    "code": "511000",
    "name": "内江市",
    "province_code": "510000",
    "province": "四川省"
  },
  "511100": {
    "code": "511100",
    "name": "乐山市",
    "province_code": "510000",
    "province": "四川省"
  },
  "511300": {
    "code": "511300",
    "name": "南充市",
    "province_code": "510000",
    "province": "四川省"
  },
  "511400": {
    "code": "511400",
    "name": "眉山市",
    "province_code": "510000",
    "province": "四川省"
  },
  "511500": {
    "code": "511500",
    "name": "宜宾市",
    "province_code": "510000",
    "province": "四川省"
  },
  "511600": {
    "code": "511600",
    "name": "广安市",
    "province_code": "510000",
    "province": "四川省"
  },
  "511700": {
    "code": "511700",
    "name": "达州市",
    "province_code": "510000",
    "province": "四川省"
  },
  "511800": {
    "code": "511800",
    "name": "雅安市",
    "province_code": "510000",
    "province": "四川省"
  },
  "511900": {
    "code": "511900",
    "name": "巴中市",
    "province_code": "510000",
    "province": "四川省"
  },
  "512000": {
    "code": "512000",
    "name": "资阳市",
    "province_code": "510000",
    "province": "四川省"
  },
  "513200": {
    "code": "513200",
    "name": "阿坝藏族羌族自治州",
    "province_code": "510000",
    "province": "四川省"
  },
  "513300": {
    "code": "513300",
    "name": "甘孜藏族自治州",
    "province_code": "510000",
    "province": "四川省"
  },
  "513400": {
    "code": "513400",
    "name": "凉山彝族自治州",
    "province_code": "510000",
    "province": "四川省"
  },
  "520100": {
    "code": "520100",
    "name": "贵阳市",
    "province_code": "520000",
    "province": "贵州省"
  },
  "520200": {
    "code": "520200",
    "name": "六盘水市",
    "province_code": "520000",
    "province": "贵州省"
  },
  "520300": {
    "code": "520300",
    "name": "遵义市",
    "province_code": "520000",
    "province": "贵州省"
  },
  "520400": {
    "code": "520400",
    "name": "安顺市",
    "province_code": "520000",
    "province": "贵州省"
  },
  "520500": {
    "code": "520500",
    "name": "毕节市",
    "province_code": "520000",
    "province": "贵州省"
  },
  "520600": {
    "code": "520600",
    "name": "铜仁市",
    "province_code": "520000",
    "province": "贵州省"
  },
  "522300": {
    "code": "522300",
    "name": "黔西南布依族苗族自治州",
    "province_code": "520000",
    "province": "贵州省"
  },
  "522600": {
    "code": "522600",
    "name": "黔东南苗族侗族自治州",
    "province_code": "520000",
    "province": "贵州省"
  },
  "522700": {
    "code": "522700",
    "name": "黔南布依族苗族自治州",
    "province_code": "520000",
    "province": "贵州省"
  },
  "530100": {
    "code": "530100",
    "name": "昆明市",
    "province_code": "530000",
    "province": "云南省"
  },
  "530300": {
    "code": "530300",
    "name": "曲靖市",
    "province_code": "530000",
    "province": "云南省"
  },
  "530400": {
    "code": "530400",
    "name": "玉溪市",
    "province_code": "530000",
    "province": "云南省"
  },
  "530500": {
    "code": "530500",
    "name": "保山市",
    "province_code": "530000",
    "province": "云南省"
  },
  "530600": {
    "code": "530600",
    "name": "昭通市",
    "province_code": "530000",
    "province": "云南省"
  },
  "530700": {
    "code": "530700",
    "name": "丽江市",
    "province_code": "530000",
    "province": "云南省"
  },
  "530800": {
    "code": "530800",
    "name": "普洱市",
    "province_code": "530000",
    "province": "云南省"
  },
  "530900": {
    "code": "530900",
    "name": "临沧市",
    "province_code": "530000",
    "province": "云南省"
  },
  "532300": {
    "code": "532300",
    "name": "楚雄彝族自治州",
    "province_code": "530000",
    "province": "云南省"
  },
  "532500": {
    "code": "532500",
    "name": "红河哈尼族彝族自治州",
    "province_code": "530000",
    "province": "云南省"
  },
  "532600": {
    "code": "532600",
    "name": "文山壮族苗族自治州",
    "province_code": "530000",
    "province": "云南省"
  },
  "532800": {
    "code": "532800",
    "name": "西双版纳傣族自治州",
    "province_code": "530000",
    "province": "云南省"
  },
  "532900": {
    "code": "532900",
    "name": "大理白族自治州",
    "province_code": "530000",
    "province": "云南省"
  },
  "533100": {
    "code": "533100",
    "name": "德宏傣族景颇族自治州",
    "province_code": "530000",
    "province": "云南省"
  },
  "533300": {
    "code": "533300",
    "name": "怒江傈僳族自治州",
    "province_code": "530000",
    "province": "云南省"
  },
  "533400": {
    "code": "533400",
    "name": "迪庆藏族自治州",
    "province_code": "530000",
    "province": "云南省"
  },
  "540100": {
    "code": "540100",
    "name": "拉萨市",
    "province_code": "540000",
    "province": "西藏自治区"
  },
  "540200": {
    "code": "540200",
    "name": "日喀则市",
    "province_code": "540000",
    "province": "西藏自治区"
  },
  "540300": {
    "code": "540300",
    "name": "昌都市",
    "province_code": "540000",
    "province": "西藏自治区"
  },
  "540400": {
    "code": "540400",
    "name": "林芝市",
    "province_code": "540000",
    "province": "西藏自治区"
  },
  "540500": {
    "code": "540500",
    "name": "山南市",
    "province_code": "540000",
    "province": "西藏自治区"
  },
  "542400": {
    "code": "542400",
    "name": "那曲地区",
    "province_code": "540000",
    "province": "西藏自治区"
  },
  "542500": {
    "code": "542500",
    "name": "阿里地区",
    "province_code": "540000",
    "province": "西藏自治区"
  },
  "610100": {
    "code": "610100",
    "name": "西安市",
    "province_code": "610000",
    "province": "陕西省"
  },
  "610200": {
    "code": "610200",
    "name": "铜川市",
    "province_code": "610000",
    "province": "陕西省"
  },
  "610300": {
    "code": "610300",
    "name": "宝鸡市",
    "province_code": "610000",
    "province": "陕西省"
  },
  "610400": {
    "code": "610400",
    "name": "咸阳市",
    "province_code": "610000",
    "province": "陕西省"
  },
  "610500": {
    "code": "610500",
    "name": "渭南市",
    "province_code": "610000",
    "province": "陕西省"
  },
  "610600": {
    "code": "610600",
    "name": "延安市",
    "province_code": "610000",
    "province": "陕西省"
  },
  "610700": {
    "code": "610700",
    "name": "汉中市",
    "province_code": "610000",
    "province": "陕西省"
  },
  "610800": {
    "code": "610800",
    "name": "榆林市",
    "province_code": "610000",
    "province": "陕西省"
  },
  "610900": {
    "code": "610900",
    "name": "安康市",
    "province_code": "610000",
    "province": "陕西省"
  },
  "611000": {
    "code": "611000",
    "name": "商洛市",
    "province_code": "610000",
    "province": "陕西省"
  },
  "620100": {
    "code": "620100",
    "name": "兰州市",
    "province_code": "620000",
    "province": "甘肃省"
  },
  "620200": {
    "code": "620200",
    "name": "嘉峪关市",
    "province_code": "620000",
    "province": "甘肃省"
  },
  "620300": {
    "code": "620300",
    "name": "金昌市",
    "province_code": "620000",
    "province": "甘肃省"
  },
  "620400": {
    "code": "620400",
    "name": "白银市",
    "province_code": "620000",
    "province": "甘肃省"
  },
  "620500": {
    "code": "620500",
    "name": "天水市",
    "province_code": "620000",
    "province": "甘肃省"
  },
  "620600": {
    "code": "620600",
    "name": "武威市",
    "province_code": "620000",
    "province": "甘肃省"
  },
  "620700": {
    "code": "620700",
    "name": "张掖市",
    "province_code": "620000",
    "province": "甘肃省"
  },
  "620800": {
    "code": "620800",
    "name": "平凉市",
    "province_code": "620000",
    "province": "甘肃省"
  },
  "620900": {
    "code": "620900",
    "name": "酒泉市",
    "province_code": "620000",
    "province": "甘肃省"
  },
  "621000": {
    "code": "621000",
    "name": "庆阳市",
    "province_code": "620000",
    "province": "甘肃省"
  },
  "621100": {
    "code": "621100",
    "name": "定西市",
    "province_code": "620000",
    "province": "甘肃省"
  },
  "621200": {
    "code": "621200",
    "name": "陇南市",
    "province_code": "620000",
    "province": "甘肃省"
  },
  "622900": {
    "code": "622900",
    "name": "临夏回族自治州",
    "province_code": "620000",
    "province": "甘肃省"
  },
  "623000": {
    "code": "623000",
    "name": "甘南藏族自治州",
    "province_code": "620000",
    "province": "甘肃省"
  },
  "630100": {
    "code": "630100",
    "name": "西宁市",
    "province_code": "630000",
    "province": "青海省"
  },
  "630200": {
    "code": "630200",
    "name": "海东市",
    "province_code": "630000",
    "province": "青海省"
  },
  "632200": {
    "code": "632200",
    "name": "海北藏族自治州",
    "province_code": "630000",
    "province": "青海省"
  },
  "632300": {
    "code": "632300",
    "name": "黄南藏族自治州",
    "province_code": "630000",
    "province": "青海省"
  },
  "632500": {
    "code": "632500",
    "name": "海南藏族自治州",
    "province_code": "630000",
    "province": "青海省"
  },
  "632600": {
    "code": "632600",
    "name": "果洛藏族自治州",
    "province_code": "630000",
    "province": "青海省"
  },
  "632700": {
    "code": "632700",
    "name": "玉树藏族自治州",
    "province_code": "630000",
    "province": "青海省"
  },
  "632800": {
    "code": "632800",
    "name": "海西蒙古族藏族自治州",
    "province_code": "630000",
    "province": "青海省"
  },
  "640100": {
    "code": "640100",
    "name": "银川市",
    "province_code": "640000",
    "province": "宁夏回族自治区"
  },
  "640200": {
    "code": "640200",
    "name": "石嘴山市",
    "province_code": "640000",
    "province": "宁夏回族自治区"
  },
  "640300": {
    "code": "640300",
    "name": "吴忠市",
    "province_code": "640000",
    "province": "宁夏回族自治区"
  },
  "640400": {
    "code": "640400",
    "name": "固原市",
    "province_code": "640000",
    "province": "宁夏回族自治区"
  },
  "640500": {
    "code": "640500",
    "name": "中卫市",
    "province_code": "640000",
    "province": "宁夏回族自治区"
  },
  "650100": {
    "code": "650100",
    "name": "乌鲁木齐市",
    "province_code": "650000",
    "province": "新疆维吾尔自治区"
  },
  "650200": {
    "code": "650200",
    "name": "克拉玛依市",
    "province_code": "650000",
    "province": "新疆维吾尔自治区"
  },
  "650400": {
    "code": "650400",
    "name": "吐鲁番市",
    "province_code": "650000",
    "province": "新疆维吾尔自治区"
  },
  "650500": {
    "code": "650500",
    "name": "哈密市",
    "province_code": "650000",
    "province": "新疆维吾尔自治区"
  },
  "652300": {
    "code": "652300",
    "name": "昌吉回族自治州",
    "province_code": "650000",
    "province": "新疆维吾尔自治区"
  },
  "652700": {
    "code": "652700",
    "name": "博尔塔拉蒙古自治州",
    "province_code": "650000",
    "province": "新疆维吾尔自治区"
  },
  "652800": {
    "code": "652800",
    "name": "巴音郭楞蒙古自治州",
    "province_code": "650000",
    "province": "新疆维吾尔自治区"
  },
  "652900": {
    "code": "652900",
    "name": "阿克苏地区",
    "province_code": "650000",
    "province": "新疆维吾尔自治区"
  },
  "653000": {
    "code": "653000",
    "name": "克孜勒苏柯尔克孜自治州",
    "province_code": "650000",
    "province": "新疆维吾尔自治区"
  },
  "653100": {
    "code": "653100",
    "name": "喀什地区",
    "province_code": "650000",
    "province": "新疆维吾尔自治区"
  },
  "653200": {
    "code": "653200",
    "name": "和田地区",
    "province_code": "650000",
    "province": "新疆维吾尔自治区"
  },
  "654000": {
    "code": "654000",
    "name": "伊犁哈萨克自治州",
    "province_code": "650000",
    "province": "新疆维吾尔自治区"
  },
  "654200": {
    "code": "654200",
    "name": "塔城地区",
    "province_code": "650000",
    "province": "新疆维吾尔自治区"
  },
  "654300": {
    "code": "654300",
    "name": "阿勒泰地区",
    "province_code": "650000",
    "province": "新疆维吾尔自治区"
  }
}